Workbook

Sheet Planilha1
C2: PRODUTOS | D2: CONSUMO ANUAL(R$) | E2: CLASSES
E3: A | F3: B | G3: C
C4: FARINHA DE TRIGO | D4: 40000 | E4: X
C5: ÓLEO DE SOJA | D5: 30000 | E5: X
C6: ÁÇUCAR CRISTAL | D6: 10000 | F6: X
C7: SAL REFINADO | D7: 8000 | F7: X
C8: FERMENTO QUÍMICO | D8: 5000 | F8: X
C9: LEITE EM PÓ | D9: 3000 | G9: X
C10: MARGARINA | D10: 2000 | G10: X
C11: EMBALAGENS PLÁSTICAS | D11: 1000 | G11: X
C12: ESSÊNCIA DE BAUNILHA | D12: 500 | G12: X
C13: CORANTES ALIMENTARES | D13: 500 | G13: X

Sheet Planilha3
C2: DESCRIÇÃO DO ITEM | D2: QUANTIDADE | E2: VALOR UNITÁRIO (R$) | F2: SOMA TOTAL | G2: CLASSE | J2: ITENS | K2: REPRESENTATIVIDADE
G3: A | H3: B | I3: C
C4: FIO DE COBRE ESMALTADO | D4: 1500 | E4: 90 | F4: =SUM(D4*E4) -> 135000 | G4: X | J4: 0.2 | K4: 0.8
C5: CARCAÇA DE ALUMÍNIO INJEC | D5: 400 | E5: 320 | F5: =SUM(D5*E5) -> 128000 | G5: X | J5: 0.2 | K5: 0.8
C6: EIXOS DE AÇO CARBONO | D6: 450 | E6: 110 | F6: =SUM(D6*E6) -> 49500 | H6: X | J6: 0.3 | K6: 0.15
C7: ROLAMENTO DE PRECISÃO | D7: 2500 | E7: 15 | F7: =SUM(D7*E7) -> 37500 | H7: X | J7: 0.3 | K7: 0.15
C8: VERNIZ ISOLANTE (LITROS) | D8: 300 | E8: 55 | F8: =SUM(D8*E8) -> 16500 | H8: X | J8: 0.3 | K8: 0.15
C9: VENTOINHAS DE PLÁSTICO | D9: 800 | E9: 12 | F9: =SUM(D9*E9) -> 9600 | I9: X | J9: 0.5 | K9: 0.05
C10: PARAFUSO DE FIXAÇÃO M8 | D10: 20000 | E10: 0.4 | F10: =SUM(D10*E10) -> 8000 | I10: X | J10: 0.5 | K10: 0.05
C11: ÓLEO LUBRIFCANTE (L) | D11: 100 | E11: 45 | F11: =SUM(D11*E11) -> 4500 | I11: X | J11: 0.5 | K11: 0.05
C12: CAIXA DE PRESSÃO (EMBALAGEM) | D12: 600 | E12: 7.5 | F12: =SUM(D12*E12) -> 4500 | I12: X | J12: 0.5 | K12: 0.05
C13: TERMINAIS ELÉTRICO | D13: 12000 | E13: 0.2 | F13: =SUM(D13*E13) -> 2400 | I13: X | J13: 0.5 | K13: 0.05

Sheet Página1
A2: DESCRIÇÃO DOS ITENS | B2: DEMANDA MÉDIA DIÁRIA | C2: TEMPO DE REPOSIÇÃO | D2: LOTE DE COMPRA(QUANTIDADE | E2: DEMANDA MAXIMA DIÁRIA | F2: DESVIO PADRÃO FATOR DE SEGURANÇA(Y) | G2: ESTOQUE MINIMO | H2: ESTOQUE MÁXIMO | I2: ESTOQUE DE SEGURANÇA
B3: (CONSUMO) UNID | C3: (LEAND TIME) | D3: PADRÃO DE PEDIDO)UNID | E3: HISTÓRICA UNID
A4: FIO DE COBRE ESMALTADO | B4: =ROUNDUP(Planilha3!D4/30,0) -> 50 | C4: 5 | D4: 100 | E4: 15 | F4: 1.65 | G4: =SUM(B4*C4)*1.1 -> 275 | H4: =SUM(D4+G4) -> 375 | I4: =ROUNDUP(F4*SQRT(B4^2*C4+C4^2*B4^2),0) -> 452
A5: CARCAÇA DE ALUMÍNIO INJEC | B5: =ROUNDUP(Planilha3!D5/30,0) -> 14 | C5: 5 | D5: 100 | E5: 15 | F5: 1.65 | G5: =SUM(B5*C5)*1.1 -> 77 | H5: =SUM(D5+G5) -> 177 | I5: =ROUNDUP(F5*SQRT(B5^2*C5+C5^2*B5^2),0) -> 127
A6: EIXOS DE AÇO CARBONO | B6: =ROUNDUP(Planilha3!D6/30,0) -> 15 | C6: 5 | D6: 100 | E6: 15 | F6: 1.65 | G6: =SUM(B6*C6)*1.1 -> 82.5 | H6: =SUM(D6+G6) -> 182.5 | I6: =ROUNDUP(F6*SQRT(B6^2*C6+C6^2*B6^2),0) -> 136
A7: ROLAMENTO DE PRECISÃO | B7: =ROUNDUP(Planilha3!D7/30,0) -> 84 | C7: 5 | D7: 100 | E7: 15 | F7: 1.65 | G7: =SUM(B7*C7)*1.1 -> 462 | H7: =SUM(D7+G7) -> 562 | I7: =ROUNDUP(F7*SQRT(B7^2*C7+C7^2*B7^2),0) -> 760
A8: VERNIZ ISOLANTE (LITROS) | B8: =ROUNDUP(Planilha3!D8/30,0) -> 10 | C8: 5 | D8: 100 | E8: 15 | F8: 1.65 | G8: =SUM(B8*C8)*1.1 -> 55 | H8: =SUM(D8+G8) -> 155 | I8: =ROUNDUP(F8*SQRT(B8^2*C8+C8^2*B8^2),0) -> 91
A9: VENTOINHAS DE PLÁSTICO | B9: =ROUNDUP(Planilha3!D9/30,0) -> 27 | C9: 5 | D9: 100 | E9: 15 | F9: 1.65 | G9: =SUM(B9*C9)*1.1 -> 148.5 | H9: =SUM(D9+G9) -> 248.5 | I9: =ROUNDUP(F9*SQRT(B9^2*C9+C9^2*B9^2),0) -> 245
A10: PARAFUSO DE FIXAÇÃO M8 | B10: =ROUNDUP(Planilha3!D10/30,0) -> 667 | C10: 5 | D10: 100 | E10: 15 | F10: 1.65 | G10: =SUM(B10*C10)*1.1 -> 3668.5 | H10: =SUM(D10+G10) -> 3768.5 | I10: =ROUNDUP(F10*SQRT(B10^2*C10+C10^2*B10^2),0) -> 6028
A11: ÓLEO LUBRIFCANTE (L) | B11: =ROUNDUP(Planilha3!D11/30,0) -> 4 | C11: 5 | D11: 100 | E11: 15 | F11: 1.65 | G11: =SUM(B11*C11)*1.1 -> 22 | H11: =SUM(D11+G11) -> 122 | I11: =ROUNDUP(F11*SQRT(B11^2*C11+C11^2*B11^2),0) -> 37
A12: CAIXA DE PRESSÃO (EMBALAGEM) | B12: =ROUNDUP(Planilha3!D12/30,0) -> 20 | C12: 5 | D12: 100 | E12: 15 | F12: 1.65 | G12: =SUM(B12*C12)*1.1 -> 110 | H12: =SUM(D12+G12) -> 210 | I12: =ROUNDUP(F12*SQRT(B12^2*C12+C12^2*B12^2),0) -> 181
A13: TERMINAIS ELÉTRICO | B13: =ROUNDUP(Planilha3!D13/30,0) -> 400 | C13: 5 | D13: 100 | E13: 15 | F13: 1.65 | G13: =SUM(B13*C13)*1.1 -> 2200 | H13: =SUM(D13+G13) -> 2300 | I13: =ROUNDUP(F13*SQRT(B13^2*C13+C13^2*B13^2),0) -> 3615
